Postnummer,Region,Provider,Day Rate,Night Rate,Weekend,Levels & Prices,,,,,,,,,,,,,,,,,,,,,,,,,,,,,,,,,,,,,,,,,,,,,,,,,,,,,,,,,,,,
0010,NO1,ELVIA AS,0.35,0.29,0.29,0-2 kW,2-5 kW,5-10 kW,10-15 kW,15-20 kW,20-25 kW,25-50 kW,50-75 kW,75-100 kW,>100 kW,125,200,325,450,575,700,1325,1950,2575,5150,,,,,,,,,,,,,,,,,,,,,,,,,,,,,,,,,,,,,,,,,
0015,NO1,ELVIA AS,0.35,0.29,0.29,0-2 kW,2-5 kW,5-10 kW,10-15 kW,15-20 kW,20-25 kW,25-50 kW,50-75 kW,75-100 kW,>100 kW,125,200,325,450,575,700,1325,1950,2575,5150,,,,,,,,,,,,,,,,,,,,,,,,,,,,,,,,,,,,,,,,,
0026,NO1,ELVIA AS,0.35,0.29,0.29,0-2 kW,2-5 kW,5-10 kW,10-15 kW,15-20 kW,20-25 kW,25-50 kW,50-75 kW,75-100 kW,>100 kW,125,200,325,450,575,700,1325,1950,2575,5150,,,,,,,,,,,,,,,,,,,,,,,,,,,,,,,,,,,,,,,,,
0037,NO1,ELVIA AS,0.35,0.29,0.29,0-2 kW,2-5 kW,5-10 kW,10-15 kW,15-20 kW,20-25 kW,25-50 kW,50-75 kW,75-100 kW,>100 kW,125,200,325,450,575,700,1325,1950,2575,5150,,,,,,,,,,,,,,,,,,,,,,,,,,,,,,,,,,,,,,,,,
0050,NO1,ELVIA AS,0.35,0.29,0.29,0-2 kW,2-5 kW,5-10 kW,10-15 kW,15-20 kW,20-25 kW,25-50 kW,50-75 kW,75-100 kW,>100 kW,125,200,325,450,575,700,1325,1950,2575,5150,,,,,,,,,,,,,,,,,,,,,,,,,,,,,,,,,,,,,,,,,
0116,NO1,ELVIA AS,0.35,0.29,0.29,0-2 kW,2-5 kW,5-10 kW,10-15 kW,15-20 kW,20-25 kW,25-50 kW,50-75 kW,75-100 kW,>100 kW,125,200,325,450,575,700,1325,1950,2575,5150,,,,,,,,,,,,,,,,,,,,,,,,,,,,,,,,,,,,,,,,,
0139,NO1,ELVIA AS,0.35,0.29,0.29,0-2 kW,2-5 kW,5-10 kW,10-15 kW,15-20 kW,20-25 kW,25-50 kW,50-75 kW,75-100 kW,>100 kW,125,200,325,450,575,700,1325,1950,2575,5150,,,,,,,,,,,,,,,,,,,,,,,,,,,,,,,,,,,,,,,,,
0150,NO1,ELVIA AS,0.35,0.29,0.29,0-2 kW,2-5 kW,5-10 kW,10-15 kW,15-20 kW,20-25 kW,25-50 kW,50-75 kW,75-100 kW,>100 kW,125,200,325,450,575,700,1325,1950,2575,5150,,,,,,,,,,,,,,,,,,,,,,,,,,,,,,,,,,,,,,,,,
0151,NO1,ELVIA AS,0.35,0.29,0.29,0-2 kW,2-5 kW,5-10 kW,10-15 kW,15-20 kW,20-25 kW,25-50 kW,50-75 kW,75-100 kW,>100 kW,125,200,325,450,575,700,1325,1950,2575,5150,,,,,,,,,,,,,,,,,,,,,,,,,,,,,,,,,,,,,,,,,
0152,NO1,ELVIA AS,0.35,0.29,0.29,0-2 kW,2-5 kW,5-10 kW,10-15 kW,15-20 kW,20-25 kW,25-50 kW,50-75 kW,75-100 kW,>100 kW,125,200,325,450,575,700,1325,1950,2575,5150,,,,,,,,,,,,,,,,,,,,,,,,,,,,,,,,,,,,,,,,,
0153,NO1,ELVIA AS,0.35,0.29,0.29,0-2 kW,2-5 kW,5-10 kW,10-15 kW,15-20 kW,20-25 kW,25-50 kW,50-75 kW,75-100 kW,>100 kW,125,200,325,450,575,700,1325,1950,2575,5150,,,,,,,,,,,,,,,,,,,,,,,,,,,,,,,,,,,,,,,,,
0154,NO1,ELVIA AS,0.35,0.29,0.29,0-2 kW,2-5 kW,5-10 kW,10-15 kW,15-20 kW,20-25 kW,25-50 kW,50-75 kW,75-100 kW,>100 kW,125,200,325,450,575,700,1325,1950,2575,5150,,,,,,,,,,,,,,,,,,,,,,,,,,,,,,,,,,,,,,,,,
0155,NO1,ELVIA AS,0.35,0.29,0.29,0-2 kW,2-5 kW,5-10 kW,10-15 kW,15-20 kW,20-25 kW,25-50 kW,50-75 kW,75-100 kW,>100 kW,125,200,325,450,575,700,1325,1950,2575,5150,,,,,,,,,,,,,,,,,,,,,,,,,,,,,,,,,,,,,,,,,
0157,NO1,ELVIA AS,0.35,0.29,0.29,0-2 kW,2-5 kW,5-10 kW,10-15 kW,15-20 kW,20-25 kW,25-50 kW,50-75 kW,75-100 kW,>100 kW,125,200,325,450,575,700,1325,1950,2575,5150,,,,,,,,,,,,,,,,,,,,,,,,,,,,,,,,,,,,,,,,,
0158,NO1,ELVIA AS,0.35,0.29,0.29,0-2 kW,2-5 kW,5-10 kW,10-15 kW,15-20 kW,20-25 kW,25-50 kW,50-75 kW,75-100 kW,>100 kW,125,200,325,450,575,700,1325,1950,2575,5150,,,,,,,,,,,,,,,,,,,,,,,,,,,,,,,,,,,,,,,,,
0159,NO1,ELVIA AS,0.35,0.29,0.29,0-2 kW,2-5 kW,5-10 kW,10-15 kW,15-20 kW,20-25 kW,25-50 kW,50-75 kW,75-100 kW,>100 kW,125,200,325,450,575,700,1325,1950,2575,5150,,,,,,,,,,,,,,,,,,,,,,,,,,,,,,,,,,,,,,,,,
0160,NO1,ELVIA AS,0.35,0.29,0.29,0-2 kW,2-5 kW,5-10 kW,10-15 kW,15-20 kW,20-25 kW,25-50 kW,50-75 kW,75-100 kW,>100 kW,125,200,325,450,575,700,1325,1950,2575,5150,,,,,,,,,,,,,,,,,,,,,,,,,,,,,,,,,,,,,,,,,
0161,NO1,ELVIA AS,0.35,0.29,0.29,0-2 kW,2-5 kW,5-10 kW,10-15 kW,15-20 kW,20-25 kW,25-50 kW,50-75 kW,75-100 kW,>100 kW,125,200,325,450,575,700,1325,1950,2575,5150,,,,,,,,,,,,,,,,,,,,,,,,,,,,,,,,,,,,,,,,,
0162,NO1,ELVIA AS,0.35,0.29,0.29,0-2 kW,2-5 kW,5-10 kW,10-15 kW,15-20 kW,20-25 kW,25-50 kW,50-75 kW,75-100 kW,>100 kW,125,200,325,450,575,700,1325,1950,2575,5150,,,,,,,,,,,,,,,,,,,,,,,,,,,,,,,,,,,,,,,,,
0164,NO1,ELVIA AS,0.35,0.29,0.29,0-2 kW,2-5 kW,5-10 kW,10-15 kW,15-20 kW,20-25 kW,25-50 kW,50-75 kW,75-100 kW,>100 kW,125,200,325,450,575,700,1325,1950,2575,5150,,,,,,,,,,,,,,,,,,,,,,,,,,,,,,,,,,,,,,,,,
0165,NO1,ELVIA AS,0.35,0.29,0.29,0-2 kW,2-5 kW,5-10 kW,10-15 kW,15-20 kW,20-25 kW,25-50 kW,50-75 kW,75-100 kW,>100 kW,125,200,325,450,575,700,1325,1950,2575,5150,,,,,,,,,,,,,,,,,,,,,,,,,,,,,,,,,,,,,,,,,
0166,NO1,ELVIA AS,0.35,0.29,0.29,0-2 kW,2-5 kW,5-10 kW,10-15 kW,15-20 kW,20-25 kW,25-50 kW,50-75 kW,75-100 kW,>100 kW,125,200,325,450,575,700,1325,1950,2575,5150,,,,,,,,,,,,,,,,,,,,,,,,,,,,,,,,,,,,,,,,,
0167,NO1,ELVIA AS,0.35,0.29,0.29,0-2 kW,2-5 kW,5-10 kW,10-15 kW,15-20 kW,20-25 kW,25-50 kW,50-75 kW,75-100 kW,>100 kW,125,200,325,450,575,700,1325,1950,2575,5150,,,,,,,,,,,,,,,,,,,,,,,,,,,,,,,,,,,,,,,,,
0168,NO1,ELVIA AS,0.35,0.29,0.29,0-2 kW,2-5 kW,5-10 kW,10-15 kW,15-20 kW,20-25 kW,25-50 kW,50-75 kW,75-100 kW,>100 kW,125,200,325,450,575,700,1325,1950,2575,5150,,,,,,,,,,,,,,,,,,,,,,,,,,,,,,,,,,,,,,,,,
0169,NO1,ELVIA AS,0.35,0.29,0.29,0-2 kW,2-5 kW,5-10 kW,10-15 kW,15-20 kW,20-25 kW,25-50 kW,50-75 kW,75-100 kW,>100 kW,125,200,325,450,575,700,1325,1950,2575,5150,,,,,,,,,,,,,,,,,,,,,,,,,,,,,,,,,,,,,,,,,
0170,NO1,ELVIA AS,0.35,0.29,0.29,0-2 kW,2-5 kW,5-10 kW,10-15 kW,15-20 kW,20-25 kW,25-50 kW,50-75 kW,75-100 kW,>100 kW,125,200,325,450,575,700,1325,1950,2575,5150,,,,,,,,,,,,,,,,,,,,,,,,,,,,,,,,,,,,,,,,,
0171,NO1,ELVIA AS,0.35,0.29,0.29,0-2 kW,2-5 kW,5-10 kW,10-15 kW,15-20 kW,20-25 kW,25-50 kW,50-75 kW,75-100 kW,>100 kW,125,200,325,450,575,700,1325,1950,2575,5150,,,,,,,,,,,,,,,,,,,,,,,,,,,,,,,,,,,,,,,,,
0172,NO1,ELVIA AS,0.35,0.29,0.29,0-2 kW,2-5 kW,5-10 kW,10-15 kW,15-20 kW,20-25 kW,25-50 kW,50-75 kW,75-100 kW,>100 kW,125,200,325,450,575,700,1325,1950,2575,5150,,,,,,,,,,,,,,,,,,,,,,,,,,,,,,,,,,,,,,,,,
0173,NO1,ELVIA AS,0.35,0.29,0.29,0-2 kW,2-5 kW,5-10 kW,10-15 kW,15-20 kW,20-25 kW,25-50 kW,50-75 kW,75-100 kW,>100 kW,125,200,325,450,575,700,1325,1950,2575,5150,,,,,,,,,,,,,,,,,,,,,,,,,,,,,,,,,,,,,,,,,
0174,NO1,ELVIA AS,0.35,0.29,0.29,0-2 kW,2-5 kW,5-10 kW,10-15 kW,15-20 kW,20-25 kW,25-50 kW,50-75 kW,75-100 kW,>100 kW,125,200,325,450,575,700,1325,1950,2575,5150,,,,,,,,,,,,,,,,,,,,,,,,,,,,,,,,,,,,,,,,,
0175,NO1,ELVIA AS,0.35,0.29,0.29,0-2 kW,2-5 kW,5-10 kW,10-15 kW,15-20 kW,20-25 kW,25-50 kW,50-75 kW,75-100 kW,>100 kW,125,200,325,450,575,700,1325,1950,2575,5150,,,,,,,,,,,,,,,,,,,,,,,,,,,,,,,,,,,,,,,,,
0176,NO1,ELVIA AS,0.35,0.29,0.29,0-2 kW,2-5 kW,5-10 kW,10-15 kW,15-20 kW,20-25 kW,25-50 kW,50-75 kW,75-100 kW,>100 kW,125,200,325,450,575,700,1325,1950,2575,5150,,,,,,,,,,,,,,,,,,,,,,,,,,,,,,,,,,,,,,,,,
0177,NO1,ELVIA AS,0.35,0.29,0.29,0-2 kW,2-5 kW,5-10 kW,10-15 kW,15-20 kW,20-25 kW,25-50 kW,50-75 kW,75-100 kW,>100 kW,125,200,325,450,575,700,1325,1950,2575,5150,,,,,,,,,,,,,,,,,,,,,,,,,,,,,,,,,,,,,,,,,
0178,NO1,ELVIA AS,0.35,0.29,0.29,0-2 kW,2-5 kW,5-10 kW,10-15 kW,15-20 kW,20-25 kW,25-50 kW,50-75 kW,75-100 kW,>100 kW,125,200,325,450,575,700,1325,1950,2575,5150,,,,,,,,,,,,,,,,,,,,,,,,,,,,,,,,,,,,,,,,,
0179,NO1,ELVIA AS,0.35,0.29,0.29,0-2 kW,2-5 kW,5-10 kW,10-15 kW,15-20 kW,20-25 kW,25-50 kW,50-75 kW,75-100 kW,>100 kW,125,200,325,450,575,700,1325,1950,2575,5150,,,,,,,,,,,,,,,,,,,,,,,,,,,,,,,,,,,,,,,,,
0180,NO1,ELVIA AS,0.35,0.29,0.29,0-2 kW,2-5 kW,5-10 kW,10-15 kW,15-20 kW,20-25 kW,25-50 kW,50-75 kW,75-100 kW,>100 kW,125,200,325,450,575,700,1325,1950,2575,5150,,,,,,,,,,,,,,,,,,,,,,,,,,,,,,,,,,,,,,,,,
0181,NO1,ELVIA AS,0.35,0.29,0.29,0-2 kW,2-5 kW,5-10 kW,10-15 kW,15-20 kW,20-25 kW,25-50 kW,50-75 kW,75-100 kW,>100 kW,125,200,325,450,575,700,1325,1950,2575,5150,,,,,,,,,,,,,,,,,,,,,,,,,,,,,,,,,,,,,,,,,
0182,NO1,ELVIA AS,0.35,0.29,0.29,0-2 kW,2-5 kW,5-10 kW,10-15 kW,15-20 kW,20-25 kW,25-50 kW,50-75 kW,75-100 kW,>100 kW,125,200,325,450,575,700,1325,1950,2575,5150,,,,,,,,,,,,,,,,,,,,,,,,,,,,,,,,,,,,,,,,,
0183,NO1,ELVIA AS,0.35,0.29,0.29,0-2 kW,2-5 kW,5-10 kW,10-15 kW,15-20 kW,20-25 kW,25-50 kW,50-75 kW,75-100 kW,>100 kW,125,200,325,450,575,700,1325,1950,2575,5150,,,,,,,,,,,,,,,,,,,,,,,,,,,,,,,,,,,,,,,,,
0184,NO1,ELVIA AS,0.35,0.29,0.29,0-2 kW,2-5 kW,5-10 kW,10-15 kW,15-20 kW,20-25 kW,25-50 kW,50-75 kW,75-100 kW,>100 kW,125,200,325,450,575,700,1325,1950,2575,5150,,,,,,,,,,,,,,,,,,,,,,,,,,,,,,,,,,,,,,,,,
0185,NO1,ELVIA AS,0.35,0.29,0.29,0-2 kW,2-5 kW,5-10 kW,10-15 kW,15-20 kW,20-25 kW,25-50 kW,50-75 kW,75-100 kW,>100 kW,125,200,325,450,575,700,1325,1950,2575,5150,,,,,,,,,,,,,,,,,,,,,,,,,,,,,,,,,,,,,,,,,
0186,NO1,ELVIA AS,0.35,0.29,0.29,0-2 kW,2-5 kW,5-10 kW,10-15 kW,15-20 kW,20-25 kW,25-50 kW,50-75 kW,75-100 kW,>100 kW,125,200,325,450,575,700,1325,1950,2575,5150,,,,,,,,,,,,,,,,,,,,,,,,,,,,,,,,,,,,,,,,,
0187,NO1,ELVIA AS,0.35,0.29,0.29,0-2 kW,2-5 kW,5-10 kW,10-15 kW,15-20 kW,20-25 kW,25-50 kW,50-75 kW,75-100 kW,>100 kW,125,200,325,450,575,700,1325,1950,2575,5150,,,,,,,,,,,,,,,,,,,,,,,,,,,,,,,,,,,,,,,,,
0188,NO1,ELVIA AS,0.35,0.29,0.29,0-2 kW,2-5 kW,5-10 kW,10-15 kW,15-20 kW,20-25 kW,25-50 kW,50-75 kW,75-100 kW,>100 kW,125,200,325,450,575,700,1325,1950,2575,5150,,,,,,,,,,,,,,,,,,,,,,,,,,,,,,,,,,,,,,,,,
0190,NO1,ELVIA AS,0.35,0.29,0.29,0-2 kW,2-5 kW,5-10 kW,10-15 kW,15-20 kW,20-25 kW,25-50 kW,50-75 kW,75-100 kW,>100 kW,125,200,325,450,575,700,1325,1950,2575,5150,,,,,,,,,,,,,,,,,,,,,,,,,,,,,,,,,,,,,,,,,
0191,NO1,ELVIA AS,0.35,0.29,0.29,0-2 kW,2-5 kW,5-10 kW,10-15 kW,15-20 kW,20-25 kW,25-50 kW,50-75 kW,75-100 kW,>100 kW,125,200,325,450,575,700,1325,1950,2575,5150,,,,,,,,,,,,,,,,,,,,,,,,,,,,,,,,,,,,,,,,,
0192,NO1,ELVIA AS,0.35,0.29,0.29,0-2 kW,2-5 kW,5-10 kW,10-15 kW,15-20 kW,20-25 kW,25-50 kW,50-75 kW,75-100 kW,>100 kW,125,200,325,450,575,700,1325,1950,2575,5150,,,,,,,,,,,,,,,,,,,,,,,,,,,,,,,,,,,,,,,,,
0193,NO1,ELVIA AS,0.35,0.29,0.29,0-2 kW,2-5 kW,5-10 kW,10-15 kW,15-20 kW,20-25 kW,25-50 kW,50-75 kW,75-100 kW,>100 kW,125,200,325,450,575,700,1325,1950,2575,5150,,,,,,,,,,,,,,,,,,,,,,,,,,,,,,,,,,,,,,,,,
0194,NO1,ELVIA AS,0.35,0.29,0.29,0-2 kW,2-5 kW,5-10 kW,10-15 kW,15-20 kW,20-25 kW,25-50 kW,50-75 kW,75-100 kW,>100 kW,125,200,325,450,575,700,1325,1950,2575,5150,,,,,,,,,,,,,,,,,,,,,,,,,,,,,,,,,,,,,,,,,
0195,NO1,ELVIA AS,0.35,0.29,0.29,0-2 kW,2-5 kW,5-10 kW,10-15 kW,15-20 kW,20-25 kW,25-50 kW,50-75 kW,75-100 kW,>100 kW,125,200,325,450,575,700,1325,1950,2575,5150,,,,,,,,,,,,,,,,,,,,,,,,,,,,,,,,,,,,,,,,,
0196,NO1,ELVIA AS,0.35,0.29,0.29,0-2 kW,2-5 kW,5-10 kW,10-15 kW,15-20 kW,20-25 kW,25-50 kW,50-75 kW,75-100 kW,>100 kW,125,200,325,450,575,700,1325,1950,2575,5150,,,,,,,,,,,,,,,,,,,,,,,,,,,,,,,,,,,,,,,,,
0198,NO1,ELVIA AS,0.35,0.29,0.29,0-2 kW,2-5 kW,5-10 kW,10-15 kW,15-20 kW,20-25 kW,25-50 kW,50-75 kW,75-100 kW,>100 kW,125,200,325,450,575,700,1325,1950,2575,5150,,,,,,,,,,,,,,,,,,,,,,,,,,,,,,,,,,,,,,,,,
0250,NO1,ELVIA AS,0.35,0.29,0.29,0-2 kW,2-5 kW,5-10 kW,10-15 kW,15-20 kW,20-25 kW,25-50 kW,50-75 kW,75-100 kW,>100 kW,125,200,325,450,575,700,1325,1950,2575,5150,,,,,,,,,,,,,,,,,,,,,,,,,,,,,,,,,,,,,,,,,
0251,NO1,ELVIA AS,0.35,0.29,0.29,0-2 kW,2-5 kW,5-10 kW,10-15 kW,15-20 kW,20-25 kW,25-50 kW,50-75 kW,75-100 kW,>100 kW,125,200,325,450,575,700,1325,1950,2575,5150,,,,,,,,,,,,,,,,,,,,,,,,,,,,,,,,,,,,,,,,,
0252,NO1,ELVIA AS,0.35,0.29,0.29,0-2 kW,2-5 kW,5-10 kW,10-15 kW,15-20 kW,20-25 kW,25-50 kW,50-75 kW,75-100 kW,>100 kW,125,200,325,450,575,700,1325,1950,2575,5150,,,,,,,,,,,,,,,,,,,,,,,,,,,,,,,,,,,,,,,,,
0253,NO1,ELVIA AS,0.35,0.29,0.29,0-2 kW,2-5 kW,5-10 kW,10-15 kW,15-20 kW,20-25 kW,25-50 kW,50-75 kW,75-100 kW,>100 kW,125,200,325,450,575,700,1325,1950,2575,5150,,,,,,,,,,,,,,,,,,,,,,,,,,,,,,,,,,,,,,,,,
0254,NO1,ELVIA AS,0.35,0.29,0.29,0-2 kW,2-5 kW,5-10 kW,10-15 kW,15-20 kW,20-25 kW,25-50 kW,50-75 kW,75-100 kW,>100 kW,125,200,325,450,575,700,1325,1950,2575,5150,,,,,,,,,,,,,,,,,,,,,,,,,,,,,,,,,,,,,,,,,
0255,NO1,ELVIA AS,0.35,0.29,0.29,0-2 kW,2-5 kW,5-10 kW,10-15 kW,15-20 kW,20-25 kW,25-50 kW,50-75 kW,75-100 kW,>100 kW,125,200,325,450,575,700,1325,1950,2575,5150,,,,,,,,,,,,,,,,,,,,,,,,,,,,,,,,,,,,,,,,,
0256,NO1,ELVIA AS,0.35,0.29,0.29,0-2 kW,2-5 kW,5-10 kW,10-15 kW,15-20 kW,20-25 kW,25-50 kW,50-75 kW,75-100 kW,>100 kW,125,200,325,450,575,700,1325,1950,2575,5150,,,,,,,,,,,,,,,,,,,,,,,,,,,,,,,,,,,,,,,,,
0257,NO1,ELVIA AS,0.35,0.29,0.29,0-2 kW,2-5 kW,5-10 kW,10-15 kW,15-20 kW,20-25 kW,25-50 kW,50-75 kW,75-100 kW,>100 kW,125,200,325,450,575,700,1325,1950,2575,5150,,,,,,,,,,,,,,,,,,,,,,,,,,,,,,,,,,,,,,,,,
0258,NO1,ELVIA AS,0.35,0.29,0.29,0-2 kW,2-5 kW,5-10 kW,10-15 kW,15-20 kW,20-25 kW,25-50 kW,50-75 kW,75-100 kW,>100 kW,125,200,325,450,575,700,1325,1950,2575,5150,,,,,,,,,,,,,,,,,,,,,,,,,,,,,,,,,,,,,,,,,
0259,NO1,ELVIA AS,0.35,0.29,0.29,0-2 kW,2-5 kW,5-10 kW,10-15 kW,15-20 kW,20-25 kW,25-50 kW,50-75 kW,75-100 kW,>100 kW,125,200,325,450,575,700,1325,1950,2575,5150,,,,,,,,,,,,,,,,,,,,,,,,,,,,,,,,,,,,,,,,,
0260,NO1,ELVIA AS,0.35,0.29,0.29,0-2 kW,2-5 kW,5-10 kW,10-15 kW,15-20 kW,20-25 kW,25-50 kW,50-75 kW,75-100 kW,>100 kW,125,200,325,450,575,700,1325,1950,2575,5150,,,,,,,,,,,,,,,,,,,,,,,,,,,,,,,,,,,,,,,,,
0262,NO1,ELVIA AS,0.35,0.29,0.29,0-2 kW,2-5 kW,5-10 kW,10-15 kW,15-20 kW,20-25 kW,25-50 kW,50-75 kW,75-100 kW,>100 kW,125,200,325,450,575,700,1325,1950,2575,5150,,,,,,,,,,,,,,,,,,,,,,,,,,,,,,,,,,,,,,,,,
0263,NO1,ELVIA AS,0.35,0.29,0.29,0-2 kW,2-5 kW,5-10 kW,10-15 kW,15-20 kW,20-25 kW,25-50 kW,50-75 kW,75-100 kW,>100 kW,125,200,325,450,575,700,1325,1950,2575,5150,,,,,,,,,,,,,,,,,,,,,,,,,,,,,,,,,,,,,,,,,
0264,NO1,ELVIA AS,0.35,0.29,0.29,0-2 kW,2-5 kW,5-10 kW,10-15 kW,15-20 kW,20-25 kW,25-50 kW,50-75 kW,75-100 kW,>100 kW,125,200,325,450,575,700,1325,1950,2575,5150,,,,,,,,,,,,,,,,,,,,,,,,,,,,,,,,,,,,,,,,,
0265,NO1,ELVIA AS,0.35,0.29,0.29,0-2 kW,2-5 kW,5-10 kW,10-15 kW,15-20 kW,20-25 kW,25-50 kW,50-75 kW,75-100 kW,>100 kW,125,200,325,450,575,700,1325,1950,2575,5150,,,,,,,,,,,,,,,,,,,,,,,,,,,,,,,,,,,,,,,,,
0266,NO1,ELVIA AS,0.35,0.29,0.29,0-2 kW,2-5 kW,5-10 kW,10-15 kW,15-20 kW,20-25 kW,25-50 kW,50-75 kW,75-100 kW,>100 kW,125,200,325,450,575,700,1325,1950,2575,5150,,,,,,,,,,,,,,,,,,,,,,,,,,,,,,,,,,,,,,,,,
0267,NO1,ELVIA AS,0.35,0.29,0.29,0-2 kW,2-5 kW,5-10 kW,10-15 kW,15-20 kW,20-25 kW,25-50 kW,50-75 kW,75-100 kW,>100 kW,125,200,325,450,575,700,1325,1950,2575,5150,,,,,,,,,,,,,,,,,,,,,,,,,,,,,,,,,,,,,,,,,
0268,NO1,ELVIA AS,0.35,0.29,0.29,0-2 kW,2-5 kW,5-10 kW,10-15 kW,15-20 kW,20-25 kW,25-50 kW,50-75 kW,75-100 kW,>100 kW,125,200,325,450,575,700,1325,1950,2575,5150,,,,,,,,,,,,,,,,,,,,,,,,,,,,,,,,,,,,,,,,,
0270,NO1,ELVIA AS,0.35,0.29,0.29,0-2 kW,2-5 kW,5-10 kW,10-15 kW,15-20 kW,20-25 kW,25-50 kW,50-75 kW,75-100 kW,>100 kW,125,200,325,450,575,700,1325,1950,2575,5150,,,,,,,,,,,,,,,,,,,,,,,,,,,,,,,,,,,,,,,,,
0271,NO1,ELVIA AS,0.35,0.29,0.29,0-2 kW,2-5 kW,5-10 kW,10-15 kW,15-20 kW,20-25 kW,25-50 kW,50-75 kW,75-100 kW,>100 kW,125,200,325,450,575,700,1325,1950,2575,5150,,,,,,,,,,,,,,,,,,,,,,,,,,,,,,,,,,,,,,,,,
0272,NO1,ELVIA AS,0.35,0.29,0.29,0-2 kW,2-5 kW,5-10 kW,10-15 kW,15-20 kW,20-25 kW,25-50 kW,50-75 kW,75-100 kW,>100 kW,125,200,325,450,575,700,1325,1950,2575,5150,,,,,,,,,,,,,,,,,,,,,,,,,,,,,,,,,,,,,,,,,
0273,NO1,ELVIA AS,0.35,0.29,0.29,0-2 kW,2-5 kW,5-10 kW,10-15 kW,15-20 kW,20-25 kW,25-50 kW,50-75 kW,75-100 kW,>100 kW,125,200,325,450,575,700,1325,1950,2575,5150,,,,,,,,,,,,,,,,,,,,,,,,,,,,,,,,,,,,,,,,,
0274,NO1,ELVIA AS,0.35,0.29,0.29,0-2 kW,2-5 kW,5-10 kW,10-15 kW,15-20 kW,20-25 kW,25-50 kW,50-75 kW,75-100 kW,>100 kW,125,200,325,450,575,700,1325,1950,2575,5150,,,,,,,,,,,,,,,,,,,,,,,,,,,,,,,,,,,,,,,,,
0275,NO1,ELVIA AS,0.35,0.29,0.29,0-2 kW,2-5 kW,5-10 kW,10-15 kW,15-20 kW,20-25 kW,25-50 kW,50-75 kW,75-100 kW,>100 kW,125,200,325,450,575,700,1325,1950,2575,5150,,,,,,,,,,,,,,,,,,,,,,,,,,,,,,,,,,,,,,,,,
0276,NO1,ELVIA AS,0.35,0.29,0.29,0-2 kW,2-5 kW,5-10 kW,10-15 kW,15-20 kW,20-25 kW,25-50 kW,50-75 kW,75-100 kW,>100 kW,125,200,325,450,575,700,1325,1950,2575,5150,,,,,,,,,,,,,,,,,,,,,,,,,,,,,,,,,,,,,,,,,
0277,NO1,ELVIA AS,0.35,0.29,0.29,0-2 kW,2-5 kW,5-10 kW,10-15 kW,15-20 kW,20-25 kW,25-50 kW,50-75 kW,75-100 kW,>100 kW,125,200,325,450,575,700,1325,1950,2575,5150,,,,,,,,,,,,,,,,,,,,,,,,,,,,,,,,,,,,,,,,,
0278,NO1,ELVIA AS,0.35,0.29,0.29,0-2 kW,2-5 kW,5-10 kW,10-15 kW,15-20 kW,20-25 kW,25-50 kW,50-75 kW,75-100 kW,>100 kW,125,200,325,450,575,700,1325,1950,2575,5150,,,,,,,,,,,,,,,,,,,,,,,,,,,,,,,,,,,,,,,,,
0279,NO1,ELVIA AS,0.35,0.29,0.29,0-2 kW,2-5 kW,5-10 kW,10-15 kW,15-20 kW,20-25 kW,25-50 kW,50-75 kW,75-100 kW,>100 kW,125,200,325,450,575,700,1325,1950,2575,5150,,,,,,,,,,,,,,,,,,,,,,,,,,,,,,,,,,,,,,,,,
0280,NO1,ELVIA AS,0.35,0.29,0.29,0-2 kW,2-5 kW,5-10 kW,10-15 kW,15-20 kW,20-25 kW,25-50 kW,50-75 kW,75-100 kW,>100 kW,125,200,325,450,575,700,1325,1950,2575,5150,,,,,,,,,,,,,,,,,,,,,,,,,,,,,,,,,,,,,,,,,
0281,NO1,ELVIA AS,0.35,0.29,0.29,0-2 kW,2-5 kW,5-10 kW,10-15 kW,15-20 kW,20-25 kW,25-50 kW,50-75 kW,75-100 kW,>100 kW,125,200,325,450,575,700,1325,1950,2575,5150,,,,,,,,,,,,,,,,,,,,,,,,,,,,,,,,,,,,,,,,,
0282,NO1,ELVIA AS,0.35,0.29,0.29,0-2 kW,2-5 kW,5-10 kW,10-15 kW,15-20 kW,20-25 kW,25-50 kW,50-75 kW,75-100 kW,>100 kW,125,200,325,450,575,700,1325,1950,2575,5150,,,,,,,,,,,,,,,,,,,,,,,,,,,,,,,,,,,,,,,,,
0283,NO1,ELVIA AS,0.35,0.29,0.29,0-2 kW,2-5 kW,5-10 kW,10-15 kW,15-20 kW,20-25 kW,25-50 kW,50-75 kW,75-100 kW,>100 kW,125,200,325,450,575,700,1325,1950,2575,5150,,,,,,,,,,,,,,,,,,,,,,,,,,,,,,,,,,,,,,,,,
0284,NO1,ELVIA AS,0.35,0.29,0.29,0-2 kW,2-5 kW,5-10 kW,10-15 kW,15-20 kW,20-25 kW,25-50 kW,50-75 kW,75-100 kW,>100 kW,125,200,325,450,575,700,1325,1950,2575,5150,,,,,,,,,,,,,,,,,,,,,,,,,,,,,,,,,,,,,,,,,
0286,NO1,ELVIA AS,0.35,0.29,0.29,0-2 kW,2-5 kW,5-10 kW,10-15 kW,15-20 kW,20-25 kW,25-50 kW,50-75 kW,75-100 kW,>100 kW,125,200,325,450,575,700,1325,1950,2575,5150,,,,,,,,,,,,,,,,,,,,,,,,,,,,,,,,,,,,,,,,,
0287,NO1,ELVIA AS,0.35,0.29,0.29,0-2 kW,2-5 kW,5-10 kW,10-15 kW,15-20 kW,20-25 kW,25-50 kW,50-75 kW,75-100 kW,>100 kW,125,200,325,450,575,700,1325,1950,2575,5150,,,,,,,,,,,,,,,,,,,,,,,,,,,,,,,,,,,,,,,,,
0323,NO1,ELVIA AS,0.35,0.29,0.29,0-2 kW,2-5 kW,5-10 kW,10-15 kW,15-20 kW,20-25 kW,25-50 kW,50-75 kW,75-100 kW,>100 kW,125,200,325,450,575,700,1325,1950,2575,5150,,,,,,,,,,,,,,,,,,,,,,,,,,,,,,,,,,,,,,,,,
0340,NO1,ELVIA AS,0.35,0.29,0.29,0-2 kW,2-5 kW,5-10 kW,10-15 kW,15-20 kW,20-25 kW,25-50 kW,50-75 kW,75-100 kW,>100 kW,125,200,325,450,575,700,1325,1950,2575,5150,,,,,,,,,,,,,,,,,,,,,,,,,,,,,,,,,,,,,,,,,
0349,NO1,ELVIA AS,0.35,0.29,0.29,0-2 kW,2-5 kW,5-10 kW,10-15 kW,15-20 kW,20-25 kW,25-50 kW,50-75 kW,75-100 kW,>100 kW,125,200,325,450,575,700,1325,1950,2575,5150,,,,,,,,,,,,,,,,,,,,,,,,,,,,,,,,,,,,,,,,,
0350,NO1,ELVIA AS,0.35,0.29,0.29,0-2 kW,2-5 kW,5-10 kW,10-15 kW,15-20 kW,20-25 kW,25-50 kW,50-75 kW,75-100 kW,>100 kW,125,200,325,450,575,700,1325,1950,2575,5150,,,,,,,,,,,,,,,,,,,,,,,,,,,,,,,,,,,,,,,,,
0351,NO1,ELVIA AS,0.35,0.29,0.29,0-2 kW,2-5 kW,5-10 kW,10-15 kW,15-20 kW,20-25 kW,25-50 kW,50-75 kW,75-100 kW,>100 kW,125,200,325,450,575,700,1325,1950,2575,5150,,,,,,,,,,,,,,,,,,,,,,,,,,,,,,,,,,,,,,,,,
0352,NO1,ELVIA AS,0.35,0.29,0.29,0-2 kW,2-5 kW,5-10 kW,10-15 kW,15-20 kW,20-25 kW,25-50 kW,50-75 kW,75-100 kW,>100 kW,125,200,325,450,575,700,1325,1950,2575,5150,,,,,,,,,,,,,,,,,,,,,,,,,,,,,,,,,,,,,,,,,
0353,NO1,ELVIA AS,0.35,0.29,0.29,0-2 kW,2-5 kW,5-10 kW,10-15 kW,15-20 kW,20-25 kW,25-50 kW,50-75 kW,75-100 kW,>100 kW,125,200,325,450,575,700,1325,1950,2575,5150,,,,,,,,,,,,,,,,,,,,,,,,,,,,,,,,,,,,,,,,,
0354,NO1,ELVIA AS,0.35,0.29,0.29,0-2 kW,2-5 kW,5-10 kW,10-15 kW,15-20 kW,20-25 kW,25-50 kW,50-75 kW,75-100 kW,>100 kW,125,200,325,450,575,700,1325,1950,2575,5150,,,,,,,,,,,,,,,,,,,,,,,,,,,,,,,,,,,,,,,,,
0355,NO1,ELVIA AS,0.35,0.29,0.29,0-2 kW,2-5 kW,5-10 kW,10-15 kW,15-20 kW,20-25 kW,25-50 kW,50-75 kW,75-100 kW,>100 kW,125,200,325,450,575,700,1325,1950,2575,5150,,,,,,,,,,,,,,,,,,,,,,,,,,,,,,,,,,,,,,,,,
0356,NO1,ELVIA AS,0.35,0.29,0.29,0-2 kW,2-5 kW,5-10 kW,10-15 kW,15-20 kW,20-25 kW,25-50 kW,50-75 kW,75-100 kW,>100 kW,125,200,325,450,575,700,1325,1950,2575,5150,,,,,,,,,,,,,,,,,,,,,,,,,,,,,,,,,,,,,,,,,
0357,NO1,ELVIA AS,0.35,0.29,0.29,0-2 kW,2-5 kW,5-10 kW,10-15 kW,15-20 kW,20-25 kW,25-50 kW,50-75 kW,75-100 kW,>100 kW,125,200,325,450,575,700,1325,1950,2575,5150,,,,,,,,,,,,,,,,,,,,,,,,,,,,,,,,,,,,,,,,,
0358,NO1,ELVIA AS,0.35,0.29,0.29,0-2 kW,2-5 kW,5-10 kW,10-15 kW,15-20 kW,20-25 kW,25-50 kW,50-75 kW,75-100 kW,>100 kW,125,200,325,450,575,700,1325,1950,2575,5150,,,,,,,,,,,,,,,,,,,,,,,,,,,,,,,,,,,,,,,,,
0359,NO1,ELVIA AS,0.35,0.29,0.29,0-2 kW,2-5 kW,5-10 kW,10-15 kW,15-20 kW,20-25 kW,25-50 kW,50-75 kW,75-100 kW,>100 kW,125,200,325,450,575,700,1325,1950,2575,5150,,,,,,,,,,,,,,,,,,,,,,,,,,,,,,,,,,,,,,,,,
0360,NO1,ELVIA AS,0.35,0.29,0.29,0-2 kW,2-5 kW,5-10 kW,10-15 kW,15-20 kW,20-25 kW,25-50 kW,50-75 kW,75-100 kW,>100 kW,125,200,325,450,575,700,1325,1950,2575,5150,,,,,,,,,,,,,,,,,,,,,,,,,,,,,,,,,,,,,,,,,
0361,NO1,ELVIA AS,0.35,0.29,0.29,0-2 kW,2-5 kW,5-10 kW,10-15 kW,15-20 kW,20-25 kW,25-50 kW,50-75 kW,75-100 kW,>100 kW,125,200,325,450,575,700,1325,1950,2575,5150,,,,,,,,,,,,,,,,,,,,,,,,,,,,,,,,,,,,,,,,,
0362,NO1,ELVIA AS,0.35,0.29,0.29,0-2 kW,2-5 kW,5-10 kW,10-15 kW,15-20 kW,20-25 kW,25-50 kW,50-75 kW,75-100 kW,>100 kW,125,200,325,450,575,700,1325,1950,2575,5150,,,,,,,,,,,,,,,,,,,,,,,,,,,,,,,,,,,,,,,,,
